Workbook

Sheet NOWCAST
A3: Periodo | B3: IPC General | C3: Pronóstico en 11 meses (variación 12 meses) - EEE | D3: Pronóstico Expectativas - Inflación esperada 12 meses IMCE Industria | E3: Pronóstico Last Observation | F3: Pronóstico Historical Mean Forecast | G3: Pronóstico Mean Last 50 Observation | H3: Pronóstico 3% Forecast | I3: Error de Pronóstico en 11 meses (variación 12 meses) - EEE | J3: Error de Pronóstico Expectativas - Inflación esperada 12 meses IMCE Industria | K3: Error de Pronóstico Last Observation | L3: Error de Pronóstico Historical Mean | M3: Error de Pronóstico Mean Last 50 Observation | N3: Error de Pronóstico 3% Forecast | O3: Error Cuadrado de Pronóstico en 11 meses (variación 12 meses) - EEE | P3: Error Cuadrado de Pronóstico Expectativas - Inflación esperada 12 meses IMCE Industria | Q3: Error Cuadrado de Pronóstico Last Observation | R3: Error Cuadrado de Pronóstico Historical Mean | S3: Error Cuadrado de Pronóstico Mean Last 50 Observation | T3: Error Cuadrado de Pronóstico 3% Forecast
A4: 36495 | B4: 2.3202845
A5: 36526 | B5: 2.8316204
A6: 36557 | B6: 3.3276026
A7: 36586 | B7: 3.4272736
A8: 36617 | B8: 3.5302095
A9: 36647 | B9: 3.6357527
A10: 36678 | B10: 3.7285308
A11: 36708 | B11: 3.8046349
A12: 36739 | B12: 3.8629044
A13: 36770 | B13: 4.257691
A14: 36800 | B14: 4.5211704
A15: 36831 | B15: 4.6791907
A16: 36861 | B16: 4.5198961
A17: 36892 | B17: 4.6940508 | C17: 3.7
A18: 36923 | B18: 3.7911115
A19: 36951 | B19: 3.5327633
A20: 36982 | B20: 3.5246543
A21: 37012 | B21: 3.7467351
A22: 37043 | B22: 3.5612914
A23: 37073 | B23: 3.2148764
A24: 37104 | B24: 3.7731704
A25: 37135 | B25: 3.9018127 | C25: 3.6
A26: 37165 | B26: 3.4089152 | C26: 3.8
A27: 37196 | B27: 3.0589446 | C27: 3.9
A28: 37226 | B28: 2.6336219 | C28: 3.5
A29: 37257 | B29: 2.210211 | C29: 3.2
A30: 37288 | B30: 2.5296612 | C30: 3.1
A31: 37316 | B31: 2.5768235 | C31: 3
A32: 37347 | B32: 2.4838623 | C32: 3.1
A33: 37377 | B33: 2.1323921 | C33: 3
A34: 37408 | B34: 1.9484491 | C34: 2.8
A35: 37438 | B35: 2.6000146 | C35: 2.8
A36: 37469 | B36: 2.1761917 | C36: 2.6
... A68: 38443 | B68: 2.9504499 | C68: 2.8
A69: 38473 | B69: 2.6835984 | C69: 2.9 | D69: 3
A70: 38504 | B70: 2.6601726 | C70: 3 | D70: 3
A71: 38534 | B71: 3.0547868 | C71: 2.9 | D71: 3
A72: 38565 | B72: 2.9634009 | C72: 3 | D72: 3.3
A73: 38596 | B73: 3.9622247 | C73: 3.2 | D73: 3.5
A74: 38626 | B74: 4.1531871 | C74: 3.3 | D74: 4
A75: 38657 | B75: 3.646419 | C75: 3.1 | D75: 4
A76: 38687 | B76: 3.6665469 | C76: 3 | D76: 4
A77: 38718 | B77: 4.080733 | C77: 3 | D77: 3.6
A78: 38749 | B78: 4.0783838 | C78: 3.1 | D78: 3.8
A79: 38777 | B79: 4.0269411 | C79: 3 | D79: 3.6
A80: 38808 | B80: 3.7684125 | C80: 3 | D80: 3.8
... A147: 40848 | B147: 3.9277117 | C147: 3 | D147: 3.5
A148: 40878 | B148: 4.4377328 | C148: 2.9 | D148: 3.6709877 | E148: =B147 -> 3.9277117 | F148: =AVERAGE($B$4:B147) -> 3.1907554 | G148: =AVERAGE(B98:B147) -> 3.6749275 | H148: 3 | I148: =B148-C148 -> 1.5377328 | J148: =B148-D148 -> 0.76674514 | K148: =B148-E148 -> 0.51002109 | L148: =B148-F148 -> 1.2469774 | M148: =B148-G148 -> 0.76280529 | N148: =B148-H148 -> 1.4377328 | O148: =I148^2 -> 2.3646222 | P148: =J148^2 -> 0.58789812 | Q148: =K148^2 -> 0.26012152 | R148: =L148^2 -> 1.5549527 | S148: =M148^2 -> 0.58187191 | T148: =N148^2 -> 2.0670756
A149: 40909 | B149: 4.2474617 | C149: 3 | D149: 3.8027211 | E149: =B148 -> 4.4377328 | F149: =AVERAGE($B$4:B148) -> 3.1993552 | G149: =AVERAGE(B99:B148) -> 3.6357228 | H149: 3 | I149: =B149-C149 -> 1.2474617 | J149: =B149-D149 -> 0.44474064 | K149: =B149-E149 -> -0.19027107 | L149: =B149-F149 -> 1.0481065 | M149: =B149-G149 -> 0.61173889 | N149: =B149-H149 -> 1.2474617 | O149: =I149^2 -> 1.5561608 | P149: =J149^2 -> 0.19779424 | Q149: =K149^2 -> 0.03620308 | R149: =L149^2 -> 1.0985273 | S149: =M149^2 -> 0.37422447 | T149: =N149^2 -> 1.5561608
A150: 40940 | B150: 4.4121149 | C150: 3 | D150: 3.7865497 | E150: =B149 -> 4.2474617 | F150: =AVERAGE($B$4:B149) -> 3.206534 | G150: =AVERAGE(B100:B149) -> 3.5728208 | H150: 3 | I150: =B150-C150 -> 1.4121149 | J150: =B150-D150 -> 0.62556517 | K150: =B150-E150 -> 0.16465315 | L150: =B150-F150 -> 1.2055809 | M150: =B150-G150 -> 0.83929406 | N150: =B150-H150 -> 1.4121149 | O150: =I150^2 -> 1.9940684 | P150: =J150^2 -> 0.39133179 | Q150: =K150^2 -> 0.02711066 | R150: =L150^2 -> 1.4534252 | S150: =M150^2 -> 0.70441452 | T150: =N150^2 -> 1.9940684
A151: 40969 | B151: 3.7888494 | C151: 3.2 | D151: 3.875 | E151: =B150 -> 4.4121149 | F151: =AVERAGE($B$4:B150) -> 3.2147352 | G151: =AVERAGE(B101:B150) -> 3.5053764 | H151: 3 | I151: =B151-C151 -> 0.58884942 | J151: =B151-D151 -> -0.086150583 | K151: =B151-E151 -> -0.62326546 | L151: =B151-F151 -> 0.57411417 | M151: =B151-G151 -> 0.28347305 | N151: =B151-H151 -> 0.78884942 | O151: =I151^2 -> 0.34674364 | P151: =J151^2 -> 0.007421923 | Q151: =K151^2 -> 0.38845984 | R151: =L151^2 -> 0.32960708 | S151: =M151^2 -> 0.08035697 | T151: =N151^2 -> 0.6222834
A152: 41000 | B152: 3.5113179 | C152: 3.3 | D152: 3.8891566 | E152: =B151 -> 3.7888494 | F152: =AVERAGE($B$4:B151) -> 3.2186144 | G152: =AVERAGE(B102:B151) -> 3.4327519 | H152: 3 | I152: =B152-C152 -> 0.21131791 | J152: =B152-D152 -> -0.37783871 | K152: =B152-E152 -> -0.2775315 | L152: =B152-F152 -> 0.29270351 | M152: =B152-G152 -> 0.078566036 | N152: =B152-H152 -> 0.51131791 | O152: =I152^2 -> 0.044655261 | P152: =J152^2 -> 0.14276209 | Q152: =K152^2 -> 0.077023735 | R152: =L152^2 -> 0.085675348 | S152: =M152^2 -> 0.006172622 | T152: =N152^2 -> 0.26144601
A153: 41030 | B153: 3.1307115 | C153: 3.3 | D153: 3.7082123 | E153: =B152 -> 3.5113179 | F153: =AVERAGE($B$4:B152) -> 3.2205789 | G153: =AVERAGE(B103:B152) -> 3.3423096 | H153: 3 | I153: =B153-C153 -> -0.16928847 | J153: =B153-D153 -> -0.57750077 | K153: =B153-E153 -> -0.38060639 | L153: =B153-F153 -> -0.089867327 | M153: =B153-G153 -> -0.21159804 | N153: =B153-H153 -> 0.13071153 | O153: =I153^2 -> 0.028658588 | P153: =J153^2 -> 0.33350713 | Q153: =K153^2 -> 0.14486122 | R153: =L153^2 -> 0.0080761365 | S153: =M153^2 -> 0.04477373 | T153: =N153^2 -> 0.017085503
A154: 41061 | B154: 2.6510884 | C154: 3 | D154: 3.5587097 | E154: =B153 -> 3.1307115 | F154: =AVERAGE($B$4:B153) -> 3.2199797 | G154: =AVERAGE(B104:B153) -> 3.2356996 | H154: 3 | I154: =B154-C154 -> -0.34891161 | J154: =B154-D154 -> -0.90762129 | K154: =B154-E154 -> -0.47962314 | L154: =B154-F154 -> -0.56889135 | M154: =B154-G154 -> -0.58461118 | N154: =B154-H154 -> -0.34891161 | O154: =I154^2 -> 0.12173931 | P154: =J154^2 -> 0.8237764 | Q154: =K154^2 -> 0.23003835 | R154: =L154^2 -> 0.32363736 | S154: =M154^2 -> 0.34177023 | T154: =N154^2 -> 0.12173931
A155: 41091 | B155: 2.5074451 | C155: 2.9 | D155: 3.2641509 | E155: =B154 -> 2.6510884 | F155: =AVERAGE($B$4:B154) -> 3.2162122 | G155: =AVERAGE(B105:B154) -> 3.1241834 | H155: 3 | I155: =B155-C155 -> -0.39255489 | J155: =B155-D155 -> -0.75670583 | K155: =B155-E155 -> -0.14364328 | L155: =B155-F155 -> -0.70876713 | M155: =B155-G155 -> -0.6167383 | N155: =B155-H155 -> -0.49255489 | O155: =I155^2 -> 0.15409934 | P155: =J155^2 -> 0.57260371 | Q155: =K155^2 -> 0.020633391 | R155: =L155^2 -> 0.50235085 | S155: =M155^2 -> 0.38036613 | T155: =N155^2 -> 0.24261032
A156: 41122 | B156: 2.5678299 | C156: 2.9 | D156: 3.127027 | E156: =B155 -> 2.5074451 | F156: =AVERAGE($B$4:B155) -> 3.2115493 | G156: =AVERAGE(B106:B155) -> 2.9983124 | H156: 3 | I156: =B156-C156 -> -0.33217011 | J156: =B156-D156 -> -0.55919714 | K156: =B156-E156 -> 0.060384772 | L156: =B156-F156 -> -0.64371942 | M156: =B156-G156 -> -0.43048254 | N156: =B156-H156 -> -0.43217011 | O156: =I156^2 -> 0.11033698 | P156: =J156^2 -> 0.31270144 | Q156: =K156^2 -> 0.0036463207 | R156: =L156^2 -> 0.41437469 | S156: =M156^2 -> 0.18531521 | T156: =N156^2 -> 0.18677101
A157: 41153 | B157: 2.8449681 | C157: 3 | D157: 3.1348993 | E157: =B156 -> 2.5678299 | F157: =AVERAGE($B$4:B156) -> 3.207342 | G157: =AVERAGE(B107:B156) -> 2.8617962 | H157: 3 | I157: =B157-C157 -> -0.15503194 | J157: =B157-D157 -> -0.28993127 | K157: =B157-E157 -> 0.27713817 | L157: =B157-F157 -> -0.36237393 | M157: =B157-G157 -> -0.016828184 | N157: =B157-H157 -> -0.15503194 | O157: =I157^2 -> 0.024034903 | P157: =J157^2 -> 0.084060141 | Q157: =K157^2 -> 0.076805567 | R157: =L157^2 -> 0.13131486 | S157: =M157^2 -> 0.00028318778 | T157: =N157^2 -> 0.024034903
A158: 41183 | B158: 2.9199482 | C158: 3 | D158: 3.2375 | E158: =B157 -> 2.8449681 | F158: =AVERAGE($B$4:B157) -> 3.2049889 | G158: =AVERAGE(B108:B157) -> 2.730588 | H158: 3 | I158: =B158-C158 -> -0.080051837 | J158: =B158-D158 -> -0.31755184 | K158: =B158-E158 -> 0.074980104 | L158: =B158-F158 -> -0.28504075 | M158: =B158-G158 -> 0.18936012 | N158: =B158-H158 -> -0.080051837 | O158: =I158^2 -> 0.0064082966 | P158: =J158^2 -> 0.10083917 | Q158: =K158^2 -> 0.005622016 | R158: =L158^2 -> 0.081248227 | S158: =M158^2 -> 0.035857255 | T158: =N158^2 -> 0.0064082966
A159: 41214 | B159: 2.1323438 | C159: 3 | D159: 3.2327381 | E159: =B158 -> 2.9199482 | F159: =AVERAGE($B$4:B158) -> 3.2031499 | G159: =AVERAGE(B109:B158) -> 2.6038054 | H159: 3 | I159: =B159-C159 -> -0.86765623 | J159: =B159-D159 -> -1.1003943 | K159: =B159-E159 -> -0.78760439 | L159: =B159-F159 -> -1.0708062 | M159: =B159-G159 -> -0.47146158 | N159: =B159-H159 -> -0.86765623 | O159: =I159^2 -> 0.75282733 | P159: =J159^2 -> 1.2108677 | Q159: =K159^2 -> 0.62032068 | R159: =L159^2 -> 1.1466258 | S159: =M159^2 -> 0.22227602 | T159: =N159^2 -> 0.75282733
... A307: 45717 | B307: 4.9 | C307: 3.5 | D307: 4.32 | E307: =B306 -> 4.7383012 | F307: =AVERAGE($B$4:B306) -> 3.7331051 | G307: =AVERAGE(B257:B306) -> 6.796285 | H307: 3 | I307: =B307-C307 -> 1.4 | J307: =B307-D307 -> 0.58 | K307: =B307-E307 -> 0.16169885 | L307: =B307-F307 -> 1.1668949 | M307: =B307-G307 -> -1.896285 | N307: =B307-H307 -> 1.9 | O307: =I307^2 -> 1.96 | P307: =J307^2 -> 0.3364 | Q307: =K307^2 -> 0.026146518 | R307: =L307^2 -> 1.3616437 | S307: =M307^2 -> 3.5958968 | T307: =N307^2 -> 3.61
A308: 45748 | C308: 3.6
O315: REMC
O316: =SQRT(AVERAGE(O148:O307)) -> 2.1554315 | P316: =SQRT(AVERAGE(P148:P307)) -> 1.2089267 | Q316: =SQRT(AVERAGE(Q148:Q307)) -> 0.48158954 | R316: =SQRT(AVERAGE(R148:R307)) -> 2.9033138 | S316: =SQRT(AVERAGE(S148:S307)) -> 2.7511097 | T316: =SQRT(AVERAGE(T148:T307)) -> 3.0653361
O321: REMC PROYECTO ANTERIOR
O322: 2.1627 | P322: 1.2141 | Q322: 0.4828 | R322: 2.9185 | S322: 2.7637 | T322: 3.0788

Sheet PRÓNOSTICO
A3: Periodo | B3: IPC General | C3: Pronóstico en 11 meses (variación 12 meses) - EEE | D3: Pronóstico Expectativas - Inflación esperada 12 meses IMCE Industria | E3: Pronóstico Last Observation | F3: Pronóstico Historical Mean Forecast | G3: Pronóstico Mean Last 50 Observation | H3: Pronóstico 3% Forecast | I3: Error de Pronóstico en 11 meses (variación 12 meses) - EEE | J3: Error de Pronóstico Expectativas - Inflación esperada 12 meses IMCE Industria | K3: Error de Pronóstico Last Observation | L3: Error de Pronóstico Historical Mean | M3: Error de Pronóstico Mean Last 50 Observation | N3: Error de Pronóstico 3% Forecast | O3: Error Cuadrado de Pronóstico en 11 meses (variación 12 meses) - EEE | P3: Error Cuadrado de Pronóstico Expectativas - Inflación esperada 12 meses IMCE Industria | Q3: Error Cuadrado de Pronóstico Last Observation | R3: Error Cuadrado de Pronóstico Historical Mean | S3: Error Cuadrado de Pronóstico Mean Last 50 Observation | T3: Error Cuadrado de Pronóstico 3% Forecast
A4: 36495 | B4: 2.3202845
A5: 36526 | B5: 2.8316204
A6: 36557 | B6: 3.3276026
A7: 36586 | B7: 3.4272736
A8: 36617 | B8: 3.5302095
A9: 36647 | B9: 3.6357527
A10: 36678 | B10: 3.7285308
A11: 36708 | B11: 3.8046349
A12: 36739 | B12: 3.8629044
A13: 36770 | B13: 4.257691
A14: 36800 | B14: 4.5211704
A15: 36831 | B15: 4.6791907
... A17: 36892 | B17: 4.6940508
A18: 36923 | B18: 3.7911115 | C18: 3.7
A19: 36951 | B19: 3.5327633
A20: 36982 | B20: 3.5246543
A21: 37012 | B21: 3.7467351
A22: 37043 | B22: 3.5612914
A23: 37073 | B23: 3.2148764
A24: 37104 | B24: 3.7731704
A25: 37135 | B25: 3.9018127
A26: 37165 | B26: 3.4089152 | C26: 3.6
A27: 37196 | B27: 3.0589446 | C27: 3.8
A28: 37226 | B28: 2.6336219 | C28: 3.9
A29: 37257 | B29: 2.210211 | C29: 3.5
A30: 37288 | B30: 2.5296612 | C30: 3.2
A31: 37316 | B31: 2.5768235 | C31: 3.1
A32: 37347 | B32: 2.4838623 | C32: 3
A33: 37377 | B33: 2.1323921 | C33: 3.1
A34: 37408 | B34: 1.9484491 | C34: 3
A35: 37438 | B35: 2.6000146 | C35: 2.8
A36: 37469 | B36: 2.1761917 | C36: 2.8
A37: 37500 | B37: 2.2926395 | C37: 2.6
... A69: 38473 | B69: 2.6835984 | C69: 2.8
A70: 38504 | B70: 2.6601726 | C70: 2.9 | D70: 3
A71: 38534 | B71: 3.0547868 | C71: 3 | D71: 3
A72: 38565 | B72: 2.9634009 | C72: 2.9 | D72: 3
A73: 38596 | B73: 3.9622247 | C73: 3 | D73: 3.3
A74: 38626 | B74: 4.1531871 | C74: 3.2 | D74: 3.5
A75: 38657 | B75: 3.646419 | C75: 3.3 | D75: 4
A76: 38687 | B76: 3.6665469 | C76: 3.1 | D76: 4
A77: 38718 | B77: 4.080733 | C77: 3 | D77: 4
A78: 38749 | B78: 4.0783838 | C78: 3 | D78: 3.6
A79: 38777 | B79: 4.0269411 | C79: 3.1 | D79: 3.8
A80: 38808 | B80: 3.7684125 | C80: 3 | D80: 3.6
A81: 38838 | B81: 3.7397829 | C81: 3 | D81: 3.8
... A148: 40878 | B148: 4.4377328 | C148: 3 | D148: 3.5
A149: 40909 | B149: 4.2474617 | C149: 2.9 | D149: 3.6709877 | E149: =B147 -> 3.9277117 | F149: =AVERAGE($B$4:B147) -> 3.1907554 | G149: =AVERAGE(B98:B147) -> 3.6749275 | H149: 3 | I149: =B149-C149 -> 1.3474617 | J149: =B149-D149 -> 0.57647407 | K149: =B149-E149 -> 0.31975002 | L149: =B149-F149 -> 1.0567064 | M149: =B149-G149 -> 0.57253422 | N149: =B149-H149 -> 1.2474617 | O149: =I149^2 -> 1.8156531 | P149: =J149^2 -> 0.33232236 | Q149: =K149^2 -> 0.10224008 | R149: =L149^2 -> 1.1166283 | S149: =M149^2 -> 0.32779543 | T149: =N149^2 -> 1.5561608
A150: 40940 | B150: 4.4121149 | C150: 3 | D150: 3.8027211 | E150: =B148 -> 4.4377328 | F150: =AVERAGE($B$4:B148) -> 3.1993552 | G150: =AVERAGE(B99:B148) -> 3.6357228 | H150: 3 | I150: =B150-C150 -> 1.4121149 | J150: =B150-D150 -> 0.60939379 | K150: =B150-E150 -> -0.025617917 | L150: =B150-F150 -> 1.2127597 | M150: =B150-G150 -> 0.77639204 | N150: =B150-H150 -> 1.4121149 | O150: =I150^2 -> 1.9940684 | P150: =J150^2 -> 0.37136079 | Q150: =K150^2 -> 0.00065627767 | R150: =L150^2 -> 1.470786 | S150: =M150^2 -> 0.6027846 | T150: =N150^2 -> 1.9940684
A151: 40969 | B151: 3.7888494 | C151: 3 | D151: 3.7865497 | E151: =B149 -> 4.2474617 | F151: =AVERAGE($B$4:B149) -> 3.206534 | G151: =AVERAGE(B100:B149) -> 3.5728208 | H151: 3 | I151: =B151-C151 -> 0.78884942 | J151: =B151-D151 -> 0.0022997094 | K151: =B151-E151 -> -0.45861231 | L151: =B151-F151 -> 0.5823154 | M151: =B151-G151 -> 0.2160286 | N151: =B151-H151 -> 0.78884942 | O151: =I151^2 -> 0.6222834 | P151: =J151^2 -> 5.2886633e-06 | Q151: =K151^2 -> 0.21032525 | R151: =L151^2 -> 0.33909122 | S151: =M151^2 -> 0.046668356 | T151: =N151^2 -> 0.6222834
A152: 41000 | B152: 3.5113179 | C152: 3.2 | D152: 3.875 | E152: =B150 -> 4.4121149 | F152: =AVERAGE($B$4:B150) -> 3.2147352 | G152: =AVERAGE(B101:B150) -> 3.5053764 | H152: 3 | I152: =B152-C152 -> 0.31131791 | J152: =B152-D152 -> -0.36368209 | K152: =B152-E152 -> -0.90079697 | L152: =B152-F152 -> 0.29658266 | M152: =B152-G152 -> 0.0059415465 | N152: =B152-H152 -> 0.51131791 | O152: =I152^2 -> 0.096918844 | P152: =J152^2 -> 0.13226466 | Q152: =K152^2 -> 0.81143518 | R152: =L152^2 -> 0.087961277 | S152: =M152^2 -> 3.5301975e-05 | T152: =N152^2 -> 0.26144601
A153: 41030 | B153: 3.1307115 | C153: 3.3 | D153: 3.8891566 | E153: =B151 -> 3.7888494 | F153: =AVERAGE($B$4:B151) -> 3.2186144 | G153: =AVERAGE(B102:B151) -> 3.4327519 | H153: 3 | I153: =B153-C153 -> -0.16928847 | J153: =B153-D153 -> -0.7584451 | K153: =B153-E153 -> -0.65813789 | L153: =B153-F153 -> -0.087902874 | M153: =B153-G153 -> -0.30204035 | N153: =B153-H153 -> 0.13071153 | O153: =I153^2 -> 0.028658588 | P153: =J153^2 -> 0.57523897 | Q153: =K153^2 -> 0.43314548 | R153: =L153^2 -> 0.0077269153 | S153: =M153^2 -> 0.091228375 | T153: =N153^2 -> 0.017085503
A154: 41061 | B154: 2.6510884 | C154: 3.3 | D154: 3.7082123 | E154: =B152 -> 3.5113179 | F154: =AVERAGE($B$4:B152) -> 3.2205789 | G154: =AVERAGE(B103:B152) -> 3.3423096 | H154: 3 | I154: =B154-C154 -> -0.64891161 | J154: =B154-D154 -> -1.0571239 | K154: =B154-E154 -> -0.86022952 | L154: =B154-F154 -> -0.56949046 | M154: =B154-G154 -> -0.69122117 | N154: =B154-H154 -> -0.34891161 | O154: =I154^2 -> 0.42108628 | P154: =J154^2 -> 1.1175109 | Q154: =K154^2 -> 0.73999483 | R154: =L154^2 -> 0.32431939 | S154: =M154^2 -> 0.47778671 | T154: =N154^2 -> 0.12173931
A155: 41091 | B155: 2.5074451 | C155: 3 | D155: 3.5587097 | E155: =B153 -> 3.1307115 | F155: =AVERAGE($B$4:B153) -> 3.2199797 | G155: =AVERAGE(B104:B153) -> 3.2356996 | H155: 3 | I155: =B155-C155 -> -0.49255489 | J155: =B155-D155 -> -1.0512646 | K155: =B155-E155 -> -0.62326641 | L155: =B155-F155 -> -0.71253462 | M155: =B155-G155 -> -0.72825445 | N155: =B155-H155 -> -0.49255489 | O155: =I155^2 -> 0.24261032 | P155: =J155^2 -> 1.1051572 | Q155: =K155^2 -> 0.38846102 | R155: =L155^2 -> 0.50770559 | S155: =M155^2 -> 0.53035455 | T155: =N155^2 -> 0.24261032
A156: 41122 | B156: 2.5678299 | C156: 2.9 | D156: 3.2641509 | E156: =B154 -> 2.6510884 | F156: =AVERAGE($B$4:B154) -> 3.2162122 | G156: =AVERAGE(B105:B154) -> 3.1241834 | H156: 3 | I156: =B156-C156 -> -0.33217011 | J156: =B156-D156 -> -0.69632106 | K156: =B156-E156 -> -0.083258504 | L156: =B156-F156 -> -0.64838236 | M156: =B156-G156 -> -0.55635353 | N156: =B156-H156 -> -0.43217011 | O156: =I156^2 -> 0.11033698 | P156: =J156^2 -> 0.48486301 | Q156: =K156^2 -> 0.0069319785 | R156: =L156^2 -> 0.42039968 | S156: =M156^2 -> 0.30952925 | T156: =N156^2 -> 0.18677101
A157: 41153 | B157: 2.8449681 | C157: 2.9 | D157: 3.127027 | E157: =B155 -> 2.5074451 | F157: =AVERAGE($B$4:B155) -> 3.2115493 | G157: =AVERAGE(B106:B155) -> 2.9983124 | H157: 3 | I157: =B157-C157 -> -0.055031941 | J157: =B157-D157 -> -0.28205897 | K157: =B157-E157 -> 0.33752295 | L157: =B157-F157 -> -0.36658124 | M157: =B157-G157 -> -0.15334436 | N157: =B157-H157 -> -0.15503194 | O157: =I157^2 -> 0.0030285145 | P157: =J157^2 -> 0.079557261 | Q157: =K157^2 -> 0.11392174 | R157: =L157^2 -> 0.13438181 | S157: =M157^2 -> 0.023514494 | T157: =N157^2 -> 0.024034903
A158: 41183 | B158: 2.9199482 | C158: 3 | D158: 3.1348993 | E158: =B156 -> 2.5678299 | F158: =AVERAGE($B$4:B156) -> 3.207342 | G158: =AVERAGE(B107:B156) -> 2.8617962 | H158: 3 | I158: =B158-C158 -> -0.080051837 | J158: =B158-D158 -> -0.21495117 | K158: =B158-E158 -> 0.35211828 | L158: =B158-F158 -> -0.28739382 | M158: =B158-G158 -> 0.05815192 | N158: =B158-H158 -> -0.080051837 | O158: =I158^2 -> 0.0064082966 | P158: =J158^2 -> 0.046204004 | Q158: =K158^2 -> 0.12398728 | R158: =L158^2 -> 0.08259521 | S158: =M158^2 -> 0.0033816458 | T158: =N158^2 -> 0.0064082966
A159: 41214 | B159: 2.1323438 | C159: 3 | D159: 3.2375 | E159: =B157 -> 2.8449681 | F159: =AVERAGE($B$4:B157) -> 3.2049889 | G159: =AVERAGE(B108:B157) -> 2.730588 | H159: 3 | I159: =B159-C159 -> -0.86765623 | J159: =B159-D159 -> -1.1051562 | K159: =B159-E159 -> -0.71262429 | L159: =B159-F159 -> -1.0726451 | M159: =B159-G159 -> -0.59824427 | N159: =B159-H159 -> -0.86765623 | O159: =I159^2 -> 0.75282733 | P159: =J159^2 -> 1.2213703 | Q159: =K159^2 -> 0.50783338 | R159: =L159^2 -> 1.1505676 | S159: =M159^2 -> 0.35789621 | T159: =N159^2 -> 0.75282733
A160: 41244 | B160: 1.4869646 | C160: 3 | D160: 3.2327381 | E160: =B158 -> 2.9199482 | F160: =AVERAGE($B$4:B158) -> 3.2031499 | G160: =AVERAGE(B109:B158) -> 2.6038054 | H160: 3 | I160: =B160-C160 -> -1.5130354 | J160: =B160-D160 -> -1.7457735 | K160: =B160-E160 -> -1.4329835 | L160: =B160-F160 -> -1.7161853 | M160: =B160-G160 -> -1.1168407 | N160: =B160-H160 -> -1.5130354 | O160: =I160^2 -> 2.289276 | P160: =J160^2 -> 3.047725 | Q160: =K160^2 -> 2.0534418 | R160: =L160^2 -> 2.945292 | S160: =M160^2 -> 1.2473332 | T160: =N160^2 -> 2.289276
... A307: 45717 | B307: 4.9 | C307: 3.6 | D307: 4.2895522 | E307: =B305 -> 4.9415504 | F307: =AVERAGE($B$4:B305) -> 3.7297766 | G307: =AVERAGE(B256:B305) -> 6.7609764 | H307: 3 | I307: =B307-C307 -> 1.3 | J307: =B307-D307 -> 0.61044776 | K307: =B307-E307 -> -0.041550383 | L307: =B307-F307 -> 1.1702234 | M307: =B307-G307 -> -1.8609764 | N307: =B307-H307 -> 1.9 | O307: =I307^2 -> 1.69 | P307: =J307^2 -> 0.37264647 | Q307: =K307^2 -> 0.0017264344 | R307: =L307^2 -> 1.3694227 | S307: =M307^2 -> 3.4632332 | T307: =N307^2 -> 3.61
A308: 45748 | C308: 3.5 | D308: 4.32
O315: REMC PRÓNOSTICO
O316: =SQRT(AVERAGE(O149:O307)) -> 2.1483713 | P316: =SQRT(AVERAGE(P149:P307)) -> 1.2980579 | Q316: =SQRT(AVERAGE(Q149:Q307)) -> 0.82426191 | R316: =SQRT(AVERAGE(R149:R307)) -> 2.9216708 | S316: =SQRT(AVERAGE(S149:S307)) -> 2.8190899 | T316: =SQRT(AVERAGE(T149:T307)) -> 3.0728458
O318: REMC NOWCAST
O319: =NOWCAST!O316 -> 2.1554315 | P319: =NOWCAST!P316 -> 1.2089267 | Q319: =NOWCAST!Q316 -> 0.48158954 | R319: =NOWCAST!R316 -> 2.9033138 | S319: =NOWCAST!S316 -> 2.7511097 | T319: =NOWCAST!T316 -> 3.0653361

Sheet ANÁLISIS
A2: PREGUNTA | E2: RESPUESTA
A12: REMC PROYECTO ACTUAL
A13: RECM EEE | B13: RECM IMCE
A14: 2.155 | B14: 1.209
A18: REMC PROYECTO ANTERIOR
A19: RECM EEE | B19: RECM IMCE
A20: 2.16 | B20: 1.21

Sheet MODELO AR(2)
A3: Periodo | B3: IPC General | C3: Pronóstico en 11 meses (variación 12 meses) - EEE | D3: Pronóstico Expectativas - Inflación esperada 12 meses IMCE Industria | E3: Rezago 1 | F3: Rezago 2 | G3: AR(2) | H3: Y(-2) | I3: Y(-1) | J3: Constante | K3: Error | L3: Error al cuadrado
A4: 36495 | B4: 2.3202845
A5: 36526 | B5: 2.8316204 | E5: =B4 -> 2.3202845
A6: 36557 | B6: 3.3276026 | E6: =B5 -> 2.8316204 | F6: =B4 -> 2.3202845
A7: 36586 | B7: 3.4272736 | E7: =B6 -> 3.3276026 | F7: =B5 -> 2.8316204
A8: 36617 | B8: 3.5302095 | E8: =B7 -> 3.4272736 | F8: =B6 -> 3.3276026
A9: 36647 | B9: 3.6357527 | E9: =B8 -> 3.5302095 | F9: =B7 -> 3.4272736
A10: 36678 | B10: 3.7285308 | E10: =B9 -> 3.6357527 | F10: =B8 -> 3.5302095
A11: 36708 | B11: 3.8046349 | E11: =B10 -> 3.7285308 | F11: =B9 -> 3.6357527
A12: 36739 | B12: 3.8629044 | E12: =B11 -> 3.8046349 | F12: =B10 -> 3.7285308
A13: 36770 | B13: 4.257691 | E13: =B12 -> 3.8629044 | F13: =B11 -> 3.8046349
A14: 36800 | B14: 4.5211704 | E14: =B13 -> 4.257691 | F14: =B12 -> 3.8629044
A15: 36831 | B15: 4.6791907 | E15: =B14 -> 4.5211704 | F15: =B13 -> 4.257691
A16: 36861 | B16: 4.5198961 | E16: =B15 -> 4.6791907 | F16: =B14 -> 4.5211704
A17: 36892 | B17: 4.6940508 | C17: 3.7 | E17: =B16 -> 4.5198961 | F17: =B15 -> 4.6791907
A18: 36923 | B18: 3.7911115 | E18: =B17 -> 4.6940508 | F18: =B16 -> 4.5198961
A19: 36951 | B19: 3.5327633 | E19: =B18 -> 3.7911115 | F19: =B17 -> 4.6940508
A20: 36982 | B20: 3.5246543 | E20: =B19 -> 3.5327633 | F20: =B18 -> 3.7911115
A21: 37012 | B21: 3.7467351 | E21: =B20 -> 3.5246543 | F21: =B19 -> 3.5327633
A22: 37043 | B22: 3.5612914 | E22: =B21 -> 3.7467351 | F22: =B20 -> 3.5246543
A23: 37073 | B23: 3.2148764 | E23: =B22 -> 3.5612914 | F23: =B21 -> 3.7467351
A24: 37104 | B24: 3.7731704 | E24: =B23 -> 3.2148764 | F24: =B22 -> 3.5612914
A25: 37135 | B25: 3.9018127 | C25: 3.6 | E25: =B24 -> 3.7731704 | F25: =B23 -> 3.2148764
A26: 37165 | B26: 3.4089152 | C26: 3.8 | E26: =B25 -> 3.9018127 | F26: =B24 -> 3.7731704
A27: 37196 | B27: 3.0589446 | C27: 3.9 | E27: =B26 -> 3.4089152 | F27: =B25 -> 3.9018127
A28: 37226 | B28: 2.6336219 | C28: 3.5 | E28: =B27 -> 3.0589446 | F28: =B26 -> 3.4089152
A29: 37257 | B29: 2.210211 | C29: 3.2 | E29: =B28 -> 2.6336219 | F29: =B27 -> 3.0589446
A30: 37288 | B30: 2.5296612 | C30: 3.1 | E30: =B29 -> 2.210211 | F30: =B28 -> 2.6336219
A31: 37316 | B31: 2.5768235 | C31: 3 | E31: =B30 -> 2.5296612 | F31: =B29 -> 2.210211
A32: 37347 | B32: 2.4838623 | C32: 3.1 | E32: =B31 -> 2.5768235 | F32: =B30 -> 2.5296612
A33: 37377 | B33: 2.1323921 | C33: 3 | E33: =B32 -> 2.4838623 | F33: =B31 -> 2.5768235
A34: 37408 | B34: 1.9484491 | C34: 2.8 | E34: =B33 -> 2.1323921 | F34: =B32 -> 2.4838623
A35: 37438 | B35: 2.6000146 | C35: 2.8 | E35: =B34 -> 1.9484491 | F35: =B33 -> 2.1323921
A36: 37469 | B36: 2.1761917 | C36: 2.6 | E36: =B35 -> 2.6000146 | F36: =B34 -> 1.9484491
... A68: 38443 | B68: 2.9504499 | C68: 2.8 | E68: =B67 -> 2.4038657 | F68: =B66 -> 2.1815861
A69: 38473 | B69: 2.6835984 | C69: 2.9 | D69: 3 | E69: =B68 -> 2.9504499 | F69: =B67 -> 2.4038657
A70: 38504 | B70: 2.6601726 | C70: 3 | D70: 3 | E70: =B69 -> 2.6835984 | F70: =B68 -> 2.9504499
A71: 38534 | B71: 3.0547868 | C71: 2.9 | D71: 3 | E71: =B70 -> 2.6601726 | F71: =B69 -> 2.6835984
A72: 38565 | B72: 2.9634009 | C72: 3 | D72: 3.3 | E72: =B71 -> 3.0547868 | F72: =B70 -> 2.6601726
A73: 38596 | B73: 3.9622247 | C73: 3.2 | D73: 3.5 | E73: =B72 -> 2.9634009 | F73: =B71 -> 3.0547868
A74: 38626 | B74: 4.1531871 | C74: 3.3 | D74: 4 | E74: =B73 -> 3.9622247 | F74: =B72 -> 2.9634009
A75: 38657 | B75: 3.646419 | C75: 3.1 | D75: 4 | E75: =B74 -> 4.1531871 | F75: =B73 -> 3.9622247
A76: 38687 | B76: 3.6665469 | C76: 3 | D76: 4 | E76: =B75 -> 3.646419 | F76: =B74 -> 4.1531871
A77: 38718 | B77: 4.080733 | C77: 3 | D77: 3.6 | E77: =B76 -> 3.6665469 | F77: =B75 -> 3.646419
A78: 38749 | B78: 4.0783838 | C78: 3.1 | D78: 3.8 | E78: =B77 -> 4.080733 | F78: =B76 -> 3.6665469
A79: 38777 | B79: 4.0269411 | C79: 3 | D79: 3.6 | E79: =B78 -> 4.0783838 | F79: =B77 -> 4.080733
A80: 38808 | B80: 3.7684125 | C80: 3 | D80: 3.8 | E80: =B79 -> 4.0269411 | F80: =B78 -> 4.0783838
... A147: 40848 | B147: 3.9277117 | C147: 3 | D147: 3.5 | E147: =B146 -> 3.6719 | F147: =B145 -> 3.2722518
A148: 40878 | B148: 4.4377328 | C148: 2.9 | D148: 3.6709877 | E148: =B147 -> 3.9277117 | F148: =B146 -> 3.6719 | G148: =J148+(I148*E148)+(H148*F148) -> 4.0334476 | H148: {=LINEST(B98:B147,E98:F147)} -> -0.54908158 | I148: 1.5118059 | J148: 0.11168268 | K148: =B148-G148 -> 0.40428515 | L148: =K148^2 -> 0.16344648
A149: 40909 | B149: 4.2474617 | C149: 3 | D149: 3.8027211 | E149: =B148 -> 4.4377328 | F149: =B147 -> 3.9277117 | G149: =J149+(I149*E149)+(H149*F149) -> 4.6712155 | H149: {=LINEST(B99:B148,E99:F148)} -> -0.55021099 | I149: 1.5128369 | J149: 0.11871963 | K149: =B149-G149 -> -0.42375374 | L149: =K149^2 -> 0.17956724
A150: 40940 | B150: 4.4121149 | C150: 3 | D150: 3.7865497 | E150: =B149 -> 4.2474617 | F150: =B148 -> 4.4377328 | G150: =J150+(I150*E150)+(H150*F150) -> 4.0800858 | H150: {=LINEST(B100:B149,E100:F149)} -> -0.52661322 | I150: 1.4858764 | J150: 0.10585152 | K150: =B150-G150 -> 0.33202904 | L150: =K150^2 -> 0.11024328
A151: 40969 | B151: 3.7888494 | C151: 3.2 | D151: 3.875 | E151: =B150 -> 4.4121149 | F151: =B149 -> 4.2474617 | G151: =J151+(I151*E151)+(H151*F151) -> 4.429452 | H151: {=LINEST(B101:B150,E101:F150)} -> -0.52276887 | I151: 1.4820475 | J151: 0.11092901 | K151: =B151-G151 -> -0.64060255 | L151: =K151^2 -> 0.41037163
A152: 41000 | B152: 3.5113179 | C152: 3.3 | D152: 3.8891566 | E152: =B151 -> 3.7888494 | F152: =B150 -> 4.4121149 | G152: =J152+(I152*E152)+(H152*F152) -> 3.4143603 | H152: {=LINEST(B102:B151,E102:F151)} -> -0.52310799 | I152: 1.4839148 | J152: 0.10004311 | K152: =B152-G152 -> 0.096957613 | L152: =K152^2 -> 0.0094007788
A153: 41030 | B153: 3.1307115 | C153: 3.3 | D153: 3.7082123 | E153: =B152 -> 3.5113179 | F153: =B151 -> 3.7888494 | G153: =J153+(I153*E153)+(H153*F153) -> 3.3080987 | H153: {=LINEST(B103:B152,E103:F152)} -> -0.53288123 | I153: 1.4872402 | J153: 0.10493229 | K153: =B153-G153 -> -0.17738714 | L153: =K153^2 -> 0.031466196
A154: 41061 | B154: 2.6510884 | C154: 3 | D154: 3.5587097 | E154: =B153 -> 3.1307115 | F154: =B152 -> 3.5113179 | G154: =J154+(I154*E154)+(H154*F154) -> 2.8819401 | H154: {=LINEST(B104:B153,E104:F153)} -> -0.52529883 | I154: 1.4768041 | J154: 0.10298367 | K154: =B154-G154 -> -0.23085168 | L154: =K154^2 -> 0.0532925
A155: 41091 | B155: 2.5074451 | C155: 2.9 | D155: 3.2641509 | E155: =B154 -> 2.6510884 | F155: =B153 -> 3.1307115 | G155: =J155+(I155*E155)+(H155*F155) -> 2.3692256 | H155: {=LINEST(B105:B154,E105:F154)} -> -0.53044863 | I155: 1.4833786 | J155: 0.097339476 | K155: =B155-G155 -> 0.13821951 | L155: =K155^2 -> 0.019104634
A156: 41122 | B156: 2.5678299 | C156: 2.9 | D156: 3.127027 | E156: =B155 -> 2.5074451 | F156: =B154 -> 2.6510884 | G156: =J156+(I156*E156)+(H156*F156) -> 2.39924 | H156: {=LINEST(B106:B155,E106:F155)} -> -0.53343445 | I156: 1.4770028 | J156: 0.10991847 | K156: =B156-G156 -> 0.1685899 | L156: =K156^2 -> 0.028422556
A157: 41153 | B157: 2.8449681 | C157: 3 | D157: 3.1348993 | E157: =B156 -> 2.5678299 | F157: =B155 -> 2.5074451 | G157: =J157+(I157*E157)+(H157*F157) -> 2.5549973 | H157: {=LINEST(B107:B156,E107:F156)} -> -0.51546379 | I157: 1.4511742 | J157: 0.12112599 | K157: =B157-G157 -> 0.28997071 | L157: =K157^2 -> 0.084083013
A158: 41183 | B158: 2.9199482 | C158: 3 | D158: 3.2375 | E158: =B157 -> 2.8449681 | F158: =B156 -> 2.5678299 | G158: =J158+(I158*E158)+(H158*F158) -> 2.9265578 | H158: {=LINEST(B108:B157,E108:F157)} -> -0.51170252 | I158: 1.444557 | J158: 0.13080429 | K158: =B158-G158 -> -0.0066096076 | L158: =K158^2 -> 4.3686912e-05
A159: 41214 | B159: 2.1323438 | C159: 3 | D159: 3.2327381 | E159: =B158 -> 2.9199482 | F159: =B157 -> 2.8449681 | G159: =J159+(I159*E159)+(H159*F159) -> 2.8841725 | H159: {=LINEST(B109:B158,E109:F158)} -> -0.5080977 | I159: 1.4354491 | J159: 0.13825738 | K159: =B159-G159 -> -0.75182875 | L159: =K159^2 -> 0.56524647
... A307: 45717 | B307: 4.9 | C307: 3.5 | D307: 4.32 | E307: =B306 -> 4.7383012 | F307: =B305 -> 4.9415504 | G307: =J307+(I307*E307)+(H307*F307) -> 4.6876198 | H307: {=LINEST(B257:B306,E257:F306)} -> -0.59797379 | I307: 1.5673112 | J307: 0.21614507 | K307: =B307-G307 -> 0.2123802 | L307: =K307^2 -> 0.045105348
A308: 45748 | C308: 3.6 | E308: =B307 -> 4.9 | F308: =B306 -> 4.7383012 | G308: =J308+(I308*E308)+(H308*F308) -> 5.0721186 | H308: {=LINEST(B258:B307,E258:F307)} -> -0.59742075 | I308: 1.5653293 | J308: 0.23276444 | K308: =B308-G308 -> -5.0721186 | L308: =K308^2 -> 25.726387
K311: RECM | L311: =SQRT(AVERAGE(L148:L307)) -> 0.45073513
K312: Es más preciso que todos los pronósticos del Nowcast.

Sheet PRONOSTICAR CON MODELO AR(2)
A3: Periodo | B3: 1.IPC General | C3: 1.En 11 meses (variación 12 meses) | D3: 1.Expectativas - Inflación esperada 12 meses IMCE Industria | E3: IPC (-1) | F3: IPC (-2)
A4: 36495 | B4: 2.3202845
A5: 36526 | B5: 2.8316204 | E5: =B4 -> 2.3202845
A6: 36557 | B6: 3.3276026 | E6: =B5 -> 2.8316204 | F6: =E5 -> 2.3202845
A7: 36586 | B7: 3.4272736 | E7: =B6 -> 3.3276026 | F7: =E6 -> 2.8316204
A8: 36617 | B8: 3.5302095 | E8: =B7 -> 3.4272736 | F8: =E7 -> 3.3276026
A9: 36647 | B9: 3.6357527 | E9: =B8 -> 3.5302095 | F9: =E8 -> 3.4272736
A10: 36678 | B10: 3.7285308 | E10: =B9 -> 3.6357527 | F10: =E9 -> 3.5302095
A11: 36708 | B11: 3.8046349 | E11: =B10 -> 3.7285308 | F11: =E10 -> 3.6357527
A12: 36739 | B12: 3.8629044 | E12: =B11 -> 3.8046349 | F12: =E11 -> 3.7285308
A13: 36770 | B13: 4.257691 | E13: =B12 -> 3.8629044 | F13: =E12 -> 3.8046349
A14: 36800 | B14: 4.5211704 | E14: =B13 -> 4.257691 | F14: =E13 -> 3.8629044
A15: 36831 | B15: 4.6791907 | E15: =B14 -> 4.5211704 | F15: =E14 -> 4.257691
A16: 36861 | B16: 4.5198961 | E16: =B15 -> 4.6791907 | F16: =E15 -> 4.5211704
A17: 36892 | B17: 4.6940508 | C17: 3.7 | E17: =B16 -> 4.5198961 | F17: =E16 -> 4.6791907
A18: 36923 | B18: 3.7911115 | E18: =B17 -> 4.6940508 | F18: =E17 -> 4.5198961
A19: 36951 | B19: 3.5327633 | E19: =B18 -> 3.7911115 | F19: =E18 -> 4.6940508
A20: 36982 | B20: 3.5246543 | E20: =B19 -> 3.5327633 | F20: =E19 -> 3.7911115
A21: 37012 | B21: 3.7467351 | E21: =B20 -> 3.5246543 | F21: =E20 -> 3.5327633
A22: 37043 | B22: 3.5612914 | E22: =B21 -> 3.7467351 | F22: =E21 -> 3.5246543
A23: 37073 | B23: 3.2148764 | E23: =B22 -> 3.5612914 | F23: =E22 -> 3.7467351
A24: 37104 | B24: 3.7731704 | E24: =B23 -> 3.2148764 | F24: =E23 -> 3.5612914
A25: 37135 | B25: 3.9018127 | C25: 3.6 | E25: =B24 -> 3.7731704 | F25: =E24 -> 3.2148764
A26: 37165 | B26: 3.4089152 | C26: 3.8 | E26: =B25 -> 3.9018127 | F26: =E25 -> 3.7731704
A27: 37196 | B27: 3.0589446 | C27: 3.9 | E27: =B26 -> 3.4089152 | F27: =E26 -> 3.9018127
A28: 37226 | B28: 2.6336219 | C28: 3.5 | E28: =B27 -> 3.0589446 | F28: =E27 -> 3.4089152
A29: 37257 | B29: 2.210211 | C29: 3.2 | E29: =B28 -> 2.6336219 | F29: =E28 -> 3.0589446
A30: 37288 | B30: 2.5296612 | C30: 3.1 | E30: =B29 -> 2.210211 | F30: =E29 -> 2.6336219
A31: 37316 | B31: 2.5768235 | C31: 3 | E31: =B30 -> 2.5296612 | F31: =E30 -> 2.210211
A32: 37347 | B32: 2.4838623 | C32: 3.1 | E32: =B31 -> 2.5768235 | F32: =E31 -> 2.5296612
A33: 37377 | B33: 2.1323921 | C33: 3 | E33: =B32 -> 2.4838623 | F33: =E32 -> 2.5768235
A34: 37408 | B34: 1.9484491 | C34: 2.8 | E34: =B33 -> 2.1323921 | F34: =E33 -> 2.4838623
A35: 37438 | B35: 2.6000146 | C35: 2.8 | E35: =B34 -> 1.9484491 | F35: =E34 -> 2.1323921
A36: 37469 | B36: 2.1761917 | C36: 2.6 | E36: =B35 -> 2.6000146 | F36: =E35 -> 1.9484491
... A68: 38443 | B68: 2.9504499 | C68: 2.8 | E68: =B67 -> 2.4038657 | F68: =E67 -> 2.1815861
A69: 38473 | B69: 2.6835984 | C69: 2.9 | D69: 3 | E69: =B68 -> 2.9504499 | F69: =E68 -> 2.4038657
A70: 38504 | B70: 2.6601726 | C70: 3 | D70: 3 | E70: =B69 -> 2.6835984 | F70: =E69 -> 2.9504499
A71: 38534 | B71: 3.0547868 | C71: 2.9 | D71: 3 | E71: =B70 -> 2.6601726 | F71: =E70 -> 2.6835984
A72: 38565 | B72: 2.9634009 | C72: 3 | D72: 3.3 | E72: =B71 -> 3.0547868 | F72: =E71 -> 2.6601726
A73: 38596 | B73: 3.9622247 | C73: 3.2 | D73: 3.5 | E73: =B72 -> 2.9634009 | F73: =E72 -> 3.0547868
A74: 38626 | B74: 4.1531871 | C74: 3.3 | D74: 4 | E74: =B73 -> 3.9622247 | F74: =E73 -> 2.9634009
A75: 38657 | B75: 3.646419 | C75: 3.1 | D75: 4 | E75: =B74 -> 4.1531871 | F75: =E74 -> 3.9622247
A76: 38687 | B76: 3.6665469 | C76: 3 | D76: 4 | E76: =B75 -> 3.646419 | F76: =E75 -> 4.1531871
A77: 38718 | B77: 4.080733 | C77: 3 | D77: 3.6 | E77: =B76 -> 3.6665469 | F77: =E76 -> 3.646419
A78: 38749 | B78: 4.0783838 | C78: 3.1 | D78: 3.8 | E78: =B77 -> 4.080733 | F78: =E77 -> 3.6665469
A79: 38777 | B79: 4.0269411 | C79: 3 | D79: 3.6 | E79: =B78 -> 4.0783838 | F79: =E78 -> 4.080733
A80: 38808 | B80: 3.7684125 | C80: 3 | D80: 3.8 | E80: =B79 -> 4.0269411 | F80: =E79 -> 4.0783838
... A147: 40848 | B147: 3.9277117 | C147: 3 | D147: 3.5 | E147: =B146 -> 3.6719 | F147: =E146 -> 3.2722518
A148: 40878 | B148: 4.4377328 | C148: =B147 -> 3.9277117 | D148: 3.6709877 | E148: =B147 -> 3.9277117 | F148: =E147 -> 3.6719
A149: 40909 | B149: 4.2474617 | C149: 3 | D149: 3.8027211 | E149: =B148 -> 4.4377328 | F149: =E148 -> 3.9277117
A150: 40940 | B150: 4.4121149 | C150: 3 | D150: 3.7865497 | E150: =B149 -> 4.2474617 | F150: =E149 -> 4.4377328
A151: 40969 | B151: 3.7888494 | C151: 3.2 | D151: 3.875 | E151: =B150 -> 4.4121149 | F151: =E150 -> 4.2474617
A152: 41000 | B152: 3.5113179 | C152: 3.3 | D152: 3.8891566 | E152: =B151 -> 3.7888494 | F152: =E151 -> 4.4121149
A153: 41030 | B153: 3.1307115 | C153: 3.3 | D153: 3.7082123 | E153: =B152 -> 3.5113179 | F153: =E152 -> 3.7888494
A154: 41061 | B154: 2.6510884 | C154: 3 | D154: 3.5587097 | E154: =B153 -> 3.1307115 | F154: =E153 -> 3.5113179
A155: 41091 | B155: 2.5074451 | C155: 2.9 | D155: 3.2641509 | E155: =B154 -> 2.6510884 | F155: =E154 -> 3.1307115
A156: 41122 | B156: 2.5678299 | C156: 2.9 | D156: 3.127027 | E156: =B155 -> 2.5074451 | F156: =E155 -> 2.6510884
A157: 41153 | B157: 2.8449681 | C157: 3 | D157: 3.1348993 | E157: =B156 -> 2.5678299 | F157: =E156 -> 2.5074451
A158: 41183 | B158: 2.9199482 | C158: 3 | D158: 3.2375 | E158: =B157 -> 2.8449681 | F158: =E157 -> 2.5678299
A159: 41214 | B159: 2.1323438 | C159: 3 | D159: 3.2327381 | E159: =B158 -> 2.9199482 | F159: =E158 -> 2.8449681
A160: 41244 | B160: 1.4869646 | C160: 3 | D160: 3.1099415 | E160: =B159 -> 2.1323438 | F160: =E159 -> 2.9199482
... A307: 45717 | B307: 4.9 | C307: 3.5 | D307: 4.32 | E307: =B306 -> 4.7383012 | F307: =E306 -> 4.9415504
A308: 45748 | B308: =$F$341+($F$342*B307)+($F$343*B306) -> 4.9477167 | C308: 3.6 | E308: =B307 -> 4.9 | F308: =E307 -> 4.7383012
A309: 45778 | B309: =$F$341+($F$342*B308)+($F$343*B307) -> 4.9387903
A310: 45809 | B310: =$F$341+($F$342*B309)+($F$343*B308) -> 4.9026603
A311: 45839 | B311: =$F$341+($F$342*B310)+($F$343*B309) -> 4.8543871
A312: 45870 | B312: =$F$341+($F$342*B311)+($F$343*B310) -> 4.8016242
A313: 45901 | B313: =$F$341+($F$342*B312)+($F$343*B311) -> 4.748212
A314: 45931 | B314: =$F$341+($F$342*B313)+($F$343*B312) -> 4.6960313
A315: 45962 | B315: =$F$341+($F$342*B314)+($F$343*B313) -> 4.6459583
A316: 45992 | B316: =$F$341+($F$342*B315)+($F$343*B314) -> 4.5983568
A317: 46023 | B317: =$F$341+($F$342*B316)+($F$343*B315) -> 4.5533316
A318: 46054 | B318: =$F$341+($F$342*B317)+($F$343*B316) -> 4.510859
A319: 46082 | B319: =$F$341+($F$342*B318)+($F$343*B317) -> 4.4708535
A320: 46113 | B320: =$F$341+($F$342*B319)+($F$343*B318) -> 4.4332024
E325: Resumen
E327: Estadísticas de la regresión
E328: Coeficiente de correlación múltiple | F328: 0.98503001
E329: Coeficiente de determinación R^2 | F329: 0.97028412
E330: R^2 ajustado | F330: 0.97008535
E331: Error típico | F331: 0.46274617
E332: Observaciones | F332: 302
E334: ANÁLISIS DE VARIANZA
F335: Grados de libertad | G335: Suma de cuadrados | H335: Promedio de los cuadrados | I335: F | J335: Valor crítico de F
E336: Regresión | F336: 2 | G336: 2090.5818 | H336: 1045.2909 | I336: 4881.4799 | J336: 5.1498829e-229
E337: Residuos | F337: 299 | G337: 64.02607 | H337: 0.21413401
E338: Total | F338: 301 | G338: 2154.6078
F340: Coeficientes | G340: Error típico | H340: Estadístico t | I340: Probabilidad | J340: Inferior 95% | K340: Superior 95% | L340: Inferior 95,0% | M340: Superior 95,0%
E341: Intercepción | F341: 0.11117661 | G341: 0.045919104 | H341: 2.4211407 | I341: 0.016067091 | J341: 0.020811045 | K341: 0.20154218 | L341: 0.020811045 | M341: 0.20154218
E342: Variable X 1 | F342: 1.4558769 | G342: 0.050499075 | H342: 28.829774 | I342: 2.5038736e-88 | J342: 1.3564983 | K342: 1.5552555 | L342: 1.3564983 | M342: 1.5552555
E343: Variable X 2 | F343: -0.48482709 | G343: 0.050487487 | H343: -9.6029159 | I343: 3.3078665e-19 | J343: -0.58418292 | K343: -0.38547127 | L343: -0.58418292 | M343: -0.38547127
